{
  "best_eval_score": 0.9035714285714286,
  "total_epochs": 10,
  "training_time": 2994.4280445575714,
  "training_history": {
    "train_loss": [
      1.6061164567473045,
      0.14662436993254901,
      0.07265609754132552,
      0.05546875220088281,
      0.031009068735972607,
      0.02272081101570419,
      0.016358460346918756,
      0.014099986648974184,
      0.008711101009683862,
      0.007530908400600067
    ],
    "eval_loss": [
      0.20969361221125604,
      0.12437267829755358,
      0.15775711467380032,
      0.1689179182536535,
      0.29973569749306667,
      0.2428804116686532,
      0.23927571435742007,
      0.3373560985971434,
      0.3443722179531595,
      0.35929168694351304
    ],
    "entity_f1_strict": [
      0.4514147130153598,
      0.6605586592178772,
      0.7036510194404931,
      0.8065821418937146,
      0.880093131548312,
      0.8640275387263339,
      0.8848837209302325,
      0.9027653880463871,
      0.9035714285714286,
      0.9021706809396373
    ],
    "learning_rates": [
      [
        2e-05
      ],
      [
        1.7777777777777777e-05
      ],
      [
        1.555555555555556e-05
      ],
      [
        1.3333333333333333e-05
      ],
      [
        1.1111111111111113e-05
      ],
      [
        8.888888888888888e-06
      ],
      [
        6.666666666666667e-06
      ],
      [
        4.444444444444444e-06
      ],
      [
        2.222222222222222e-06
      ],
      [
        0.0
      ]
    ]
  },
  "total_steps": 2390,
  "final_eval_results": {
    "eval_loss": 0.35929168694351304,
    "entity_f1_strict": 0.9021706809396373,
    "entity_precision": 0.8570621468926554,
    "entity_recall": 0.9522912743251726,
    "entity_accuracy": 0.9900732495140105,
    "evaluation_method": "entity_and_span_level",
    "per_type_metrics": {
      "VOTER-FAVOR": {
        "precision": 0.898989898989899,
        "recall": 0.9925650557620818,
        "f1": 0.9434628975265017,
        "support": 269
      },
      "VOTING": {
        "precision": 0.9244444444444444,
        "recall": 0.9881235154394299,
        "f1": 0.9552238805970149,
        "support": 421
      },
      "VOTER-ABSTENTION": {
        "precision": 0.9234972677595629,
        "recall": 1.0,
        "f1": 0.9602272727272728,
        "support": 169
      },
      "VOTER-ABSENT": {
        "precision": 0.44,
        "recall": 0.7857142857142857,
        "f1": 0.5641025641025641,
        "support": 14
      },
      "SUBJECT": {
        "precision": 0.7190265486725663,
        "recall": 0.8376288659793815,
        "f1": 0.7738095238095238,
        "support": 388
      },
      "COUNTING-MAJORITY": {
        "precision": 0.875,
        "recall": 1.0,
        "f1": 0.9333333333333333,
        "support": 35
      },
      "COUNTING-UNANIMITY": {
        "precision": 0.931740614334471,
        "recall": 1.0,
        "f1": 0.9646643109540637,
        "support": 273
      },
      "VOTER-AGAINST": {
        "precision": 0.7,
        "recall": 0.875,
        "f1": 0.7777777777777777,
        "support": 24
      }
    },
    "num_examples": 803
  },
  "best_model_path": "models/bert_linear/bert_linear_full",
  "model_params": {
    "base_model": "neuralmind/bert-large-portuguese-cased",
    "num_labels": 17,
    "learning_rate": 2e-05,
    "train_batch_size": 16,
    "eval_batch_size": 16,
    "warmup_proportion": 0.1,
    "max_grad_norm": 1.0,
    "patience": 3,
    "apply_bio_validation": false
  }
}