{
  "best_eval_score": 0.9067484662576686,
  "total_epochs": 9,
  "training_time": 4884.248930215836,
  "training_history": {
    "train_loss": [
      28.66136264202485,
      9.427400451324974,
      9.438282257343436,
      5.192381413661287,
      2.815559543700398,
      2.3671479853626076,
      9.618994216041086,
      14.835705412980403,
      14.909483095966124
    ],
    "eval_loss": [
      8.444595682854747,
      13.67441713108736,
      10.619381038581624,
      6.928221578107161,
      8.14253487934669,
      7.992484117693761,
      20.68483715431363,
      22.644748619228018,
      21.776990229811737
    ],
    "entity_f1_strict": [
      0.7478632478632479,
      0.8199687987519502,
      0.8382029531888155,
      0.8946731234866828,
      0.8706304152972811,
      0.9067484662576686,
      0.8068846815834768,
      0.7816171389080857,
      0.8011049723756907
    ],
    "learning_rates": [
      [
        5e-05
      ],
      [
        4.4444444444444447e-05
      ],
      [
        3.888888888888889e-05
      ],
      [
        3.3333333333333335e-05
      ],
      [
        2.777777777777778e-05
      ],
      [
        2.2222222222222223e-05
      ],
      [
        1.6666666666666667e-05
      ],
      [
        1.1111111111111112e-05
      ],
      [
        5.555555555555556e-06
      ]
    ]
  },
  "total_steps": 2151,
  "final_eval_results": {
    "eval_loss": 21.776990229811737,
    "entity_f1_strict": 0.8011049723756907,
    "entity_precision": 0.888208269525268,
    "entity_recall": 0.7295597484276729,
    "entity_accuracy": 0.9807467738836085,
    "evaluation_method": "entity_and_span_level",
    "per_type_metrics": {
      "COUNTING-MAJORITY": {
        "precision": 0.9166666666666666,
        "recall": 0.9428571428571428,
        "f1": 0.9295774647887323,
        "support": 35
      },
      "VOTER-FAVOR": {
        "precision": 0.8967136150234741,
        "recall": 0.7126865671641791,
        "f1": 0.7941787941787941,
        "support": 268
      },
      "VOTER-ABSENT": {
        "precision": 0.8181818181818182,
        "recall": 0.6428571428571429,
        "f1": 0.7200000000000001,
        "support": 14
      },
      "COUNTING-UNANIMITY": {
        "precision": 0.9285714285714286,
        "recall": 0.7647058823529411,
        "f1": 0.8387096774193549,
        "support": 272
      },
      "SUBJECT": {
        "precision": 0.80625,
        "recall": 0.6615384615384615,
        "f1": 0.7267605633802817,
        "support": 390
      },
      "VOTER-ABSTENTION": {
        "precision": 0.9328358208955224,
        "recall": 0.7396449704142012,
        "f1": 0.8250825082508251,
        "support": 169
      },
      "VOTER-AGAINST": {
        "precision": 0.7142857142857143,
        "recall": 0.9523809523809523,
        "f1": 0.8163265306122449,
        "support": 21
      },
      "VOTING": {
        "precision": 0.9294117647058824,
        "recall": 0.7505938242280285,
        "f1": 0.8304862023653088,
        "support": 421
      }
    },
    "num_examples": 803
  },
  "best_model_path": "models/bert_crf/bert_crf_20251010_070842",
  "model_params": {
    "base_model": "neuralmind/bert-large-portuguese-cased",
    "num_labels": 17,
    "learning_rate": 5e-05,
    "train_batch_size": 16,
    "eval_batch_size": 16,
    "warmup_proportion": 0.1,
    "max_grad_norm": 1.0,
    "patience": 3,
    "apply_bio_validation": true
  }
}