{
  "best_eval_score": 0.8606187000347584,
  "total_epochs": 12,
  "training_time": 1460.973773241043,
  "training_history": {
    "train_loss": [
      142.04420410640657,
      62.36462051149399,
      43.003519694010414,
      31.865245819091797,
      25.72243558792841,
      21.399029671199738,
      18.934211049761092,
      16.316260322691903,
      15.009784531971764,
      12.577881275661408,
      11.024838674636115,
      10.214622997102284
    ],
    "val_loss": [
      84.37455640520368,
      51.143972396850586,
      30.920071874346053,
      23.14113814490182,
      22.751317296709335,
      16.039387226104736,
      21.122026239122665,
      27.238069670540945,
      13.52252357346671,
      12.528911318097796,
      11.878811836242676,
      14.988591466631208
    ],
    "val_f1": [
      0.0,
      0.014502307185234015,
      0.5657721073471184,
      0.6686192468619248,
      0.6902939991945227,
      0.7707881417208967,
      0.7669865642994241,
      0.7890535917901937,
      0.8467048710601718,
      0.8606187000347584,
      0.8574408901251739,
      0.8594018563080096
    ]
  },
  "model_params": {
    "vocab_size": 17059,
    "embedding_dim": 300,
    "hidden_dim": 128,
    "num_labels": 17,
    "use_crf": true,
    "use_char_cnn": true
  },
  "training_params": {
    "learning_rate": 0.0005,
    "weight_decay": 0.0001,
    "dropout": 0.5,
    "batch_size": 32,
    "patience": 2
  }
}