{
  "model_config": {
    "name": "crf",
    "algorithm": "lbfgs",
    "c1": 0.1,
    "c2": 0.1,
    "max_iterations": 100,
    "all_possible_transitions": true
  },
  "training_time": 880.827926,
  "dev_results": {
    "entity_f1_strict": 0.8996939816388984,
    "entity_precision": 0.9117849758787043,
    "entity_recall": 0.8879194630872483,
    "accuracy": 0.9800344582953279,
    "num_examples": 431,
    "entity_f1_weighted": 0.8996939816388984,
    "per_type_metrics": {
      "COUNTING-MAJORITY": {
        "precision": 0.9166666666666666,
        "recall": 0.9705882352941176,
        "f1_score": 0.9428571428571428,
        "support": 34
      },
      "COUNTING-UNANIMITY": {
        "precision": 0.946360153256705,
        "recall": 0.9959677419354839,
        "f1_score": 0.9705304518664046,
        "support": 248
      },
      "SUBJECT": {
        "precision": 0.8861209964412812,
        "recall": 0.6657754010695187,
        "f1_score": 0.7603053435114504,
        "support": 374
      },
      "VOTER-ABSENT": {
        "precision": 1.0,
        "recall": 0.5,
        "f1_score": 0.6666666666666666,
        "support": 14
      },
      "VOTER-ABSTENTION": {
        "precision": 0.8440860215053764,
        "recall": 0.9457831325301205,
        "f1_score": 0.8920454545454547,
        "support": 166
      },
      "VOTER-AGAINST": {
        "precision": 0.4,
        "recall": 0.2857142857142857,
        "f1_score": 0.3333333333333333,
        "support": 21
      },
      "VOTER-FAVOR": {
        "precision": 0.9310344827586207,
        "recall": 0.9918367346938776,
        "f1_score": 0.9604743083003953,
        "support": 245
      },
      "VOTING": {
        "precision": 0.943069306930693,
        "recall": 0.9819587628865979,
        "f1_score": 0.9621212121212122,
        "support": 388
      }
    }
  }
}