{
  "best_eval_score": 0.9375757575757576,
  "total_epochs": 10,
  "training_time": 5301.260693073273,
  "training_history": {
    "train_loss": [
      22.17692618041203,
      6.457141219747477,
      4.529186779877235,
      3.6069005711325284,
      2.7049542353071017,
      2.357336867266688,
      1.7277413633363001,
      1.358080676917372,
      1.2963661123966348,
      1.1045327564765668
    ],
    "eval_loss": [
      7.63565456867218,
      5.2543930365093825,
      4.791428909219545,
      5.864408959345571,
      5.030362072882467,
      6.784989642428941,
      6.990479596151874,
      7.0428710172017075,
      7.495557901321043,
      7.684831209384419
    ],
    "entity_f1_strict": [
      0.8044382801664355,
      0.8755868544600939,
      0.9116334424278487,
      0.9171632896305124,
      0.9250302297460702,
      0.9304295220810648,
      0.932407966203983,
      0.9375757575757576,
      0.9369151826139451,
      0.9364791288566244
    ],
    "learning_rates": [
      [
        5e-05
      ],
      [
        4.4444444444444447e-05
      ],
      [
        3.888888888888889e-05
      ],
      [
        3.3333333333333335e-05
      ],
      [
        2.777777777777778e-05
      ],
      [
        2.2222222222222223e-05
      ],
      [
        1.6666666666666667e-05
      ],
      [
        1.1111111111111112e-05
      ],
      [
        5.555555555555556e-06
      ],
      [
        0.0
      ]
    ]
  },
  "total_steps": 2900,
  "final_eval_results": {
    "eval_loss": 7.684831209384419,
    "entity_f1_strict": 0.9364791288566244,
    "entity_precision": 0.9132743362831859,
    "entity_recall": 0.9608938547486033,
    "entity_accuracy": 0.9931425332955511,
    "evaluation_method": "entity_and_span_level",
    "per_type_metrics": {
      "VOTER-AGAINST": {
        "precision": 0.7692307692307693,
        "recall": 0.9523809523809523,
        "f1": 0.8510638297872339,
        "support": 21
      },
      "COUNTING-UNANIMITY": {
        "precision": 0.9421768707482994,
        "recall": 0.9964028776978417,
        "f1": 0.9685314685314687,
        "support": 278
      },
      "SUBJECT": {
        "precision": 0.8759493670886076,
        "recall": 0.8804071246819338,
        "f1": 0.8781725888324873,
        "support": 393
      },
      "VOTER-ABSTENTION": {
        "precision": 0.9247311827956989,
        "recall": 1.0,
        "f1": 0.9608938547486032,
        "support": 172
      },
      "COUNTING-MAJORITY": {
        "precision": 0.9,
        "recall": 1.0,
        "f1": 0.9473684210526316,
        "support": 36
      },
      "VOTER-ABSENT": {
        "precision": 0.6,
        "recall": 0.8,
        "f1": 0.6857142857142857,
        "support": 15
      },
      "VOTER-FAVOR": {
        "precision": 0.9238754325259516,
        "recall": 0.985239852398524,
        "f1": 0.9535714285714286,
        "support": 271
      },
      "VOTING": {
        "precision": 0.9393258426966292,
        "recall": 0.9835294117647059,
        "f1": 0.9609195402298851,
        "support": 425
      }
    },
    "num_examples": 919
  },
  "best_model_path": "models/deberta_crf/deberta_crf_20251010_070842",
  "model_params": {
    "base_model": "microsoft/deberta-v3-base",
    "num_labels": 17,
    "learning_rate": 5e-05,
    "train_batch_size": 16,
    "eval_batch_size": 16,
    "warmup_proportion": 0.1,
    "max_grad_norm": 1.0,
    "patience": 3,
    "apply_bio_validation": true
  }
}