{
  "best_eval_score": 0.9150326797385622,
  "total_epochs": 10,
  "training_time": 3181.6929137706757,
  "training_history": {
    "train_loss": [
      1.1006162178927454,
      0.12317432062700391,
      0.07029243360899774,
      0.05093833270707521,
      0.038373218663438256,
      0.028345616159715755,
      0.022124319775672308,
      0.018139452917766277,
      0.013366873535841447,
      0.016504812122479177
    ],
    "eval_loss": [
      0.11997192635618407,
      0.07534494352173703,
      0.07903814794654268,
      0.0870378698806423,
      0.18026351570018773,
      0.1858466589605212,
      0.14681403897125636,
      0.2023196473151231,
      0.2405447378390316,
      0.262856031930604
    ],
    "entity_f1_strict": [
      0.4209474885844748,
      0.7955508474576272,
      0.8432132963988921,
      0.8365941030586937,
      0.8819804260218768,
      0.8967723175341671,
      0.8792906178489702,
      0.9016730261226886,
      0.9079646017699116,
      0.9150326797385622
    ],
    "learning_rates": [
      [
        5e-05
      ],
      [
        4.4444444444444447e-05
      ],
      [
        3.888888888888889e-05
      ],
      [
        3.3333333333333335e-05
      ],
      [
        2.777777777777778e-05
      ],
      [
        2.2222222222222223e-05
      ],
      [
        1.6666666666666667e-05
      ],
      [
        1.1111111111111112e-05
      ],
      [
        5.555555555555556e-06
      ],
      [
        0.0
      ]
    ]
  },
  "total_steps": 2900,
  "final_eval_results": {
    "eval_loss": 0.262856031930604,
    "entity_f1_strict": 0.9150326797385622,
    "entity_precision": 0.8774928774928775,
    "entity_recall": 0.9559279950341403,
    "entity_accuracy": 0.9915556814961746,
    "evaluation_method": "entity_and_span_level",
    "per_type_metrics": {
      "VOTER-FAVOR": {
        "precision": 0.911864406779661,
        "recall": 0.992619926199262,
        "f1": 0.950530035335689,
        "support": 271
      },
      "COUNTING-UNANIMITY": {
        "precision": 0.936026936026936,
        "recall": 1.0,
        "f1": 0.9669565217391304,
        "support": 278
      },
      "COUNTING-MAJORITY": {
        "precision": 0.8974358974358975,
        "recall": 0.9722222222222222,
        "f1": 0.9333333333333333,
        "support": 36
      },
      "VOTER-AGAINST": {
        "precision": 0.7407407407407407,
        "recall": 0.9523809523809523,
        "f1": 0.8333333333333334,
        "support": 21
      },
      "VOTER-ABSENT": {
        "precision": 0.3870967741935484,
        "recall": 0.8,
        "f1": 0.5217391304347827,
        "support": 15
      },
      "VOTING": {
        "precision": 0.9271523178807947,
        "recall": 0.9882352941176471,
        "f1": 0.9567198177676538,
        "support": 425
      },
      "VOTER-ABSTENTION": {
        "precision": 0.9148936170212766,
        "recall": 1.0,
        "f1": 0.9555555555555556,
        "support": 172
      },
      "SUBJECT": {
        "precision": 0.7858823529411765,
        "recall": 0.8498727735368957,
        "f1": 0.8166259168704157,
        "support": 393
      }
    },
    "num_examples": 919
  },
  "best_model_path": "models/deberta_linear/deberta_linear_20251010_070842",
  "model_params": {
    "base_model": "microsoft/deberta-v3-base",
    "num_labels": 17,
    "learning_rate": 5e-05,
    "train_batch_size": 16,
    "eval_batch_size": 16,
    "warmup_proportion": 0.1,
    "max_grad_norm": 1.0,
    "patience": 3,
    "apply_bio_validation": true
  }
}