{
  "best_eval_score": 0.8500563697857948,
  "total_epochs": 10,
  "training_time": 1559.2190511226654,
  "training_history": {
    "train_loss": [
      3.542833749579374,
      1.132390402612232,
      0.38169930532338125,
      0.20238790856230826,
      0.13089271765892152,
      0.09849364779613635,
      0.07565939770863643,
      0.061196406120582234,
      0.05613099041557501,
      0.04972205689994904
    ],
    "eval_loss": [
      1.8451515852018845,
      0.5367482734280963,
      0.31478179973918335,
      0.21763752747413723,
      0.24905758953198445,
      0.20781833262637603,
      0.28797207499832606,
      0.28493788840552403,
      0.2905892104690158,
      0.313078852651944
    ],
    "entity_f1_strict": [
      0.0,
      0.43188350258670244,
      0.6326120901182244,
      0.5946489639911486,
      0.7709844559585493,
      0.7705515088449532,
      0.8299917605053556,
      0.8365251179572578,
      0.8405797101449275,
      0.8500563697857948
    ],
    "learning_rates": [
      [
        2e-05
      ],
      [
        1.7777777777777777e-05
      ],
      [
        1.555555555555556e-05
      ],
      [
        1.3333333333333333e-05
      ],
      [
        1.1111111111111113e-05
      ],
      [
        8.888888888888888e-06
      ],
      [
        6.666666666666667e-06
      ],
      [
        4.444444444444444e-06
      ],
      [
        2.222222222222222e-06
      ],
      [
        0.0
      ]
    ]
  },
  "total_steps": 1890,
  "final_eval_results": {
    "eval_loss": 0.313078852651944,
    "entity_f1_strict": 0.8500563697857948,
    "entity_precision": 0.7769191138588356,
    "entity_recall": 0.9383945239576851,
    "entity_accuracy": 0.9857547465093022,
    "evaluation_method": "entity_and_span_level",
    "per_type_metrics": {
      "VOTER-ABSENT": {
        "precision": 0.10714285714285714,
        "recall": 0.21428571428571427,
        "f1": 0.14285714285714285,
        "support": 14
      },
      "VOTER-AGAINST": {
        "precision": 0.5555555555555556,
        "recall": 0.9523809523809523,
        "f1": 0.7017543859649122,
        "support": 21
      },
      "SUBJECT": {
        "precision": 0.59245960502693,
        "recall": 0.8312342569269522,
        "f1": 0.6918238993710693,
        "support": 397
      },
      "VOTER-FAVOR": {
        "precision": 0.8626198083067093,
        "recall": 0.967741935483871,
        "f1": 0.9121621621621623,
        "support": 279
      },
      "COUNTING-UNANIMITY": {
        "precision": 0.9251700680272109,
        "recall": 0.9963369963369964,
        "f1": 0.9594356261022927,
        "support": 273
      },
      "VOTER-ABSTENTION": {
        "precision": 0.8756476683937824,
        "recall": 1.0,
        "f1": 0.9337016574585635,
        "support": 169
      },
      "COUNTING-MAJORITY": {
        "precision": 0.4918032786885246,
        "recall": 0.8333333333333334,
        "f1": 0.6185567010309279,
        "support": 36
      },
      "VOTING": {
        "precision": 0.9019607843137255,
        "recall": 0.9904306220095693,
        "f1": 0.944127708095781,
        "support": 418
      }
    },
    "num_examples": 687
  },
  "best_model_path": "models/xlmr_linear/xlmr_linear_20251010_070842",
  "model_params": {
    "base_model": "FacebookAI/xlm-roberta-base",
    "num_labels": 17,
    "learning_rate": 2e-05,
    "train_batch_size": 16,
    "eval_batch_size": 16,
    "warmup_proportion": 0.1,
    "max_grad_norm": 1.0,
    "patience": 3,
    "apply_bio_validation": true
  }
}