{
  "best_eval_score": 0.9175757575757576,
  "total_epochs": 10,
  "training_time": 1084.0544798374176,
  "training_history": {
    "train_loss": [
      56.91502448490688,
      16.71390663126789,
      9.298488384832151,
      6.117295673915318,
      4.468709133289479,
      3.4402121513608903,
      2.707941369720237,
      2.0833910996951754,
      1.6757493892674724,
      1.375590257859104
    ],
    "eval_loss": [
      20.16807582212049,
      9.643951865129692,
      7.562754608864008,
      6.8615779169770175,
      7.789992626323256,
      7.947144316379414,
      8.054443935322206,
      8.030468917170236,
      9.10170644591021,
      8.964754240110864
    ],
    "entity_f1_strict": [
      0.19522776572668113,
      0.8290094339622641,
      0.8751861781352398,
      0.9054178145087236,
      0.8964691801316577,
      0.9018072289156627,
      0.9121011438892233,
      0.9127678840929672,
      0.9175757575757576,
      0.9170937594211637
    ],
    "learning_rates": [
      [
        5e-05
      ],
      [
        4.4444444444444447e-05
      ],
      [
        3.888888888888889e-05
      ],
      [
        3.3333333333333335e-05
      ],
      [
        2.777777777777778e-05
      ],
      [
        2.2222222222222223e-05
      ],
      [
        1.6666666666666667e-05
      ],
      [
        1.1111111111111112e-05
      ],
      [
        5.555555555555556e-06
      ],
      [
        0.0
      ]
    ]
  },
  "total_steps": 1890,
  "final_eval_results": {
    "eval_loss": 8.964754240110864,
    "entity_f1_strict": 0.9170937594211637,
    "entity_precision": 0.8894736842105263,
    "entity_recall": 0.9464841319228375,
    "entity_accuracy": 0.9915795741692177,
    "evaluation_method": "entity_and_span_level",
    "per_type_metrics": {
      "VOTER-ABSTENTION": {
        "precision": 0.9388888888888889,
        "recall": 1.0,
        "f1": 0.9684813753581661,
        "support": 169
      },
      "VOTER-AGAINST": {
        "precision": 0.6206896551724138,
        "recall": 0.8571428571428571,
        "f1": 0.7200000000000001,
        "support": 21
      },
      "VOTER-ABSENT": {
        "precision": 0.6470588235294118,
        "recall": 0.7857142857142857,
        "f1": 0.7096774193548386,
        "support": 14
      },
      "COUNTING-UNANIMITY": {
        "precision": 0.928082191780822,
        "recall": 0.9926739926739927,
        "f1": 0.9592920353982302,
        "support": 273
      },
      "SUBJECT": {
        "precision": 0.8073170731707318,
        "recall": 0.8337531486146096,
        "f1": 0.8203221809169765,
        "support": 397
      },
      "VOTING": {
        "precision": 0.9345372460496614,
        "recall": 0.9904306220095693,
        "f1": 0.9616724738675957,
        "support": 418
      },
      "VOTER-FAVOR": {
        "precision": 0.9063545150501672,
        "recall": 0.9713261648745519,
        "f1": 0.9377162629757785,
        "support": 279
      },
      "COUNTING-MAJORITY": {
        "precision": 0.9,
        "recall": 1.0,
        "f1": 0.9473684210526316,
        "support": 36
      }
    },
    "num_examples": 687
  },
  "best_model_path": "models/xlmr_crf/xlmr_crf_20251010_070842",
  "model_params": {
    "base_model": "FacebookAI/xlm-roberta-base",
    "num_labels": 17,
    "learning_rate": 5e-05,
    "train_batch_size": 16,
    "eval_batch_size": 16,
    "warmup_proportion": 0.1,
    "max_grad_norm": 1.0,
    "patience": 3,
    "apply_bio_validation": true
  }
}