{
  "metadata": {
    "predictions_file": "models/bert_crf/predictions.jsonl",
    "timestamp": "2025-10-15T08:55:04.318287",
    "num_examples": 433,
    "include_events": true
  },
  "entity_level_metrics": {
    "entity_precision": 0.8837209302325582,
    "entity_recall": 0.9348404255319149,
    "entity_f1": 0.9085621970920841,
    "entity_accuracy": 0.9902983408972547,
    "per_type_metrics": {
      "COUNTING-MAJORITY": {
        "precision": 0.896551724137931,
        "recall": 1.0,
        "f1_score": 0.9454545454545454,
        "support": 52
      },
      "COUNTING-UNANIMITY": {
        "precision": 0.9399141630901288,
        "recall": 0.9864864864864865,
        "f1_score": 0.9626373626373625,
        "support": 222
      },
      "SUBJECT": {
        "precision": 0.7544303797468355,
        "recall": 0.7989276139410187,
        "f1_score": 0.7760416666666666,
        "support": 373
      },
      "VOTER-ABSENT": {
        "precision": 0.9545454545454546,
        "recall": 0.9545454545454546,
        "f1_score": 0.9545454545454546,
        "support": 22
      },
      "VOTER-ABSTENTION": {
        "precision": 0.8789808917197452,
        "recall": 1.0,
        "f1_score": 0.9355932203389831,
        "support": 138
      },
      "VOTER-AGAINST": {
        "precision": 0.9736842105263158,
        "recall": 0.925,
        "f1_score": 0.9487179487179489,
        "support": 40
      },
      "VOTER-FAVOR": {
        "precision": 0.9253731343283582,
        "recall": 0.9725490196078431,
        "f1_score": 0.9483747609942638,
        "support": 255
      },
      "VOTING": {
        "precision": 0.9357142857142857,
        "recall": 0.9776119402985075,
        "f1_score": 0.9562043795620438,
        "support": 402
      }
    },
    "evaluation_method": "seqeval_entity_level"
  },
  "event_level_metrics": {
    "event_detection_f1": 0.9686221009549796,
    "subject_f1": 0.8919753086419753,
    "counting_f1": 0.9924528301886792,
    "participant_vote_f1": 0.9791837997966132,
    "complete_event_f1": 0.8562783661119515
  }
}