{
  "metadata": {
    "predictions_file": "models/deberta_linear/predictions.jsonl",
    "timestamp": "2025-10-15T08:55:16.936729",
    "num_examples": 433,
    "include_events": true
  },
  "entity_level_metrics": {
    "entity_precision": 0.8709872804360993,
    "entity_recall": 0.9561170212765957,
    "entity_f1": 0.9115689381933438,
    "entity_accuracy": 0.9903132207425043,
    "per_type_metrics": {
      "COUNTING-MAJORITY": {
        "precision": 0.8928571428571429,
        "recall": 0.9615384615384616,
        "f1_score": 0.9259259259259259,
        "support": 52
      },
      "COUNTING-UNANIMITY": {
        "precision": 0.9367088607594937,
        "recall": 1.0,
        "f1_score": 0.9673202614379084,
        "support": 222
      },
      "SUBJECT": {
        "precision": 0.773955773955774,
        "recall": 0.8445040214477212,
        "f1_score": 0.8076923076923077,
        "support": 373
      },
      "VOTER-ABSENT": {
        "precision": 0.5384615384615384,
        "recall": 0.9545454545454546,
        "f1_score": 0.6885245901639344,
        "support": 22
      },
      "VOTER-ABSTENTION": {
        "precision": 0.8734177215189873,
        "recall": 1.0,
        "f1_score": 0.9324324324324325,
        "support": 138
      },
      "VOTER-AGAINST": {
        "precision": 0.9523809523809523,
        "recall": 1.0,
        "f1_score": 0.975609756097561,
        "support": 40
      },
      "VOTER-FAVOR": {
        "precision": 0.900355871886121,
        "recall": 0.9921568627450981,
        "f1_score": 0.9440298507462688,
        "support": 255
      },
      "VOTING": {
        "precision": 0.925754060324826,
        "recall": 0.9925373134328358,
        "f1_score": 0.957983193277311,
        "support": 402
      }
    },
    "evaluation_method": "seqeval_entity_level"
  },
  "event_level_metrics": {
    "event_detection_f1": 0.9702702702702702,
    "subject_f1": 0.9104704097116845,
    "counting_f1": 0.9924812030075187,
    "participant_vote_f1": 0.9792316364768447,
    "complete_event_f1": 0.8437025796661608
  }
}